{
  "excl_parking00": {
    "subset_label": "7 seqs (parking00 excluded)",
    "subset_seqs": [
      "building00",
      "building01",
      "building02",
      "playground00",
      "street00",
      "street01",
      "street02"
    ],
    "best_theta_baseline": null,
    "best_theta_adapter_dr": null,
    "cond_table_at_best_theta": {
      "building00": {
        "baseline": {
          "rmse_h": 3.673295721659043,
          "rmse_3d": 8.80317415005161,
          "nis_mean": 1.4721989107129416,
          "nis_pass95": 0.9637972646822205
        },
        "adapter": {
          "rmse_h": 3.7661795782097096,
          "rmse_3d": 8.728643672617778,
          "nis_mean": 1.5712612860847412,
          "nis_pass95": 0.9637972646822205
        },
        "dr": {
          "rmse_h": 3.3174552461814333,
          "rmse_3d": 8.466054437725823,
          "nis_mean": 0.22908059827558241,
          "theta": [
            0.1,
            5.0
          ]
        },
        "adapter_dr": {
          "rmse_h": 3.287819753224207,
          "rmse_3d": 8.240309975852744,
          "nis_mean": 0.23041306688340607,
          "theta": [
            0.1,
            5.0
          ]
        }
      },
      "building01": {
        "baseline": {
          "rmse_h": 9.411419518833348,
          "rmse_3d": 13.521741370950629,
          "nis_mean": 0.7050807542350268,
          "nis_pass95": 0.9829396325459318
        },
        "adapter": {
          "rmse_h": 9.120700295390295,
          "rmse_3d": 13.294087511433693,
          "nis_mean": 0.7331270850388436,
          "nis_pass95": 0.9829396325459318
        },
        "dr": {
          "rmse_h": 9.411419518833348,
          "rmse_3d": 13.521741370950629,
          "nis_mean": 0.7050807542350268,
          "theta": [
            0.0,
            0.0
          ]
        },
        "adapter_dr": {
          "rmse_h": 9.120700295390295,
          "rmse_3d": 13.294087511433693,
          "nis_mean": 0.7331270850388436,
          "theta": [
            0.0,
            0.0
          ]
        }
      },
      "building02": {
        "baseline": {
          "rmse_h": 1.7038840357018579,
          "rmse_3d": 3.1987682599843463,
          "nis_mean": 0.4009223798300894,
          "nis_pass95": 0.9914484233030465
        },
        "adapter": {
          "rmse_h": 1.472662434309724,
          "rmse_3d": 2.9748318896931965,
          "nis_mean": 0.42236966682563354,
          "nis_pass95": 0.9909139497594869
        },
        "dr": {
          "rmse_h": 1.509545085458937,
          "rmse_3d": 3.1711083002040064,
          "nis_mean": 0.07573392872536698,
          "theta": [
            0.1,
            5.0
          ]
        },
        "adapter_dr": {
          "rmse_h": 1.4023283714454835,
          "rmse_3d": 2.974126712021959,
          "nis_mean": 0.2194923697240621,
          "theta": [
            0.01,
            0.0
          ]
        }
      },
      "playground00": {
        "baseline": {
          "rmse_h": 1.1387584643882325,
          "rmse_3d": 1.7148858236407176,
          "nis_mean": 0.1215589412979412,
          "nis_pass95": 1.0
        },
        "adapter": {
          "rmse_h": 0.6455630980094826,
          "rmse_3d": 1.2514754904795309,
          "nis_mean": 0.12549576962517095,
          "nis_pass95": 1.0
        },
        "dr": {
          "rmse_h": 1.1316220770831162,
          "rmse_3d": 1.6807734655371167,
          "nis_mean": 0.0036726537540785562,
          "theta": [
            1.0,
            5.0
          ]
        },
        "adapter_dr": {
          "rmse_h": 0.6442997507206353,
          "rmse_3d": 1.2163140585382832,
          "nis_mean": 0.0600983385838894,
          "theta": [
            0.01,
            0.0
          ]
        }
      },
      "street00": {
        "baseline": {
          "rmse_h": 1.0034257070667423,
          "rmse_3d": 2.5216559921878114,
          "nis_mean": 0.16974033012853768,
          "nis_pass95": 1.0
        },
        "adapter": {
          "rmse_h": 0.946262647675515,
          "rmse_3d": 2.1447521854677336,
          "nis_mean": 0.1754492939244787,
          "nis_pass95": 1.0
        },
        "dr": {
          "rmse_h": 0.9405640159996195,
          "rmse_3d": 2.4767739668306126,
          "nis_mean": 0.037455905289380004,
          "theta": [
            0.5,
            2.0
          ]
        },
        "adapter_dr": {
          "rmse_h": 0.9115683885307512,
          "rmse_3d": 2.136791716614937,
          "nis_mean": 0.028424108612287117,
          "theta": [
            0.5,
            5.0
          ]
        }
      },
      "street01": {
        "baseline": {
          "rmse_h": 1.8135426250334528,
          "rmse_3d": 2.3421879346657377,
          "nis_mean": 0.6884874819601354,
          "nis_pass95": 0.9863672814755413
        },
        "adapter": {
          "rmse_h": 1.3686303495455159,
          "rmse_3d": 1.9272886697493172,
          "nis_mean": 0.693192557933089,
          "nis_pass95": 0.9863672814755413
        },
        "dr": {
          "rmse_h": 1.6577126953857373,
          "rmse_3d": 2.166003266344685,
          "nis_mean": 0.003921572437545295,
          "theta": [
            5.0,
            5.0
          ]
        },
        "adapter_dr": {
          "rmse_h": 1.265840161019597,
          "rmse_3d": 1.8365507419088973,
          "nis_mean": 0.34541147257624577,
          "theta": [
            0.01,
            0.0
          ]
        }
      },
      "street02": {
        "baseline": {
          "rmse_h": 1.796547312679681,
          "rmse_3d": 3.811972699254083,
          "nis_mean": 0.15994369137318887,
          "nis_pass95": 1.0
        },
        "adapter": {
          "rmse_h": 1.3139972989887818,
          "rmse_3d": 3.1497480058261895,
          "nis_mean": 0.1795190601258979,
          "nis_pass95": 1.0
        },
        "dr": {
          "rmse_h": 1.7603456717278751,
          "rmse_3d": 3.7914059346443687,
          "nis_mean": 0.02017140442977052,
          "theta": [
            0.05,
            2.0
          ]
        },
        "adapter_dr": {
          "rmse_h": 1.3139972989887818,
          "rmse_3d": 3.1497480058261895,
          "nis_mean": 0.1795190601258979,
          "theta": [
            0.0,
            0.0
          ]
        }
      }
    },
    "mean_h_rmse_subset": {
      "baseline": 2.9344104836231937,
      "adapter": 2.661999386018432,
      "dr": 2.8183806158100095,
      "adapter_dr": 2.5637934313313933
    },
    "delta_pct": {
      "adapter": 9.283333028050269,
      "dr": 3.9541116848082893,
      "adapter_dr": 12.630034358185288,
      "dr_marginal": 3.6891802155494133
    }
  },
  "all_seqs": {
    "subset_label": "all 8 seqs (including parking00)",
    "subset_seqs": [
      "building00",
      "building01",
      "building02",
      "playground00",
      "street00",
      "street01",
      "street02",
      "parking00"
    ],
    "best_theta_baseline": null,
    "best_theta_adapter_dr": null,
    "cond_table_at_best_theta": {
      "building00": {
        "baseline": {
          "rmse_h": 3.673295721659043,
          "rmse_3d": 8.80317415005161,
          "nis_mean": 1.4721989107129416,
          "nis_pass95": 0.9637972646822205
        },
        "adapter": {
          "rmse_h": 3.7661795782097096,
          "rmse_3d": 8.728643672617778,
          "nis_mean": 1.5712612860847412,
          "nis_pass95": 0.9637972646822205
        },
        "dr": {
          "rmse_h": 3.3174552461814333,
          "rmse_3d": 8.466054437725823,
          "nis_mean": 0.22908059827558241,
          "theta": [
            0.1,
            5.0
          ]
        },
        "adapter_dr": {
          "rmse_h": 3.287819753224207,
          "rmse_3d": 8.240309975852744,
          "nis_mean": 0.23041306688340607,
          "theta": [
            0.1,
            5.0
          ]
        }
      },
      "building01": {
        "baseline": {
          "rmse_h": 9.411419518833348,